<?xml version="1.0" encoding="utf-8"?>
<odoo>
    <data noupdate="1">

        <record id="group_purchase_requisition_user" model="res.groups">
            <field name="name">Purchase Requisition User</field>
            <field name="implied_ids" eval="[(4, ref('stock.group_stock_user'))]"/>
        </record>
        
        <record id="group_purchase_requisition_manager" model="res.groups">
            <field name="name">Purchase Requisition Manager</field>
            <field name="implied_ids" eval="[(4, ref('group_purchase_requisition_user'))]"/>
        </record>
        
        <record id="group_purchase_requisition_department" model="res.groups">
            <field name="name">Purchase Requistion Department Manager</field>
            <field name="implied_ids" eval="[(4, ref('base.group_user'))]"/>
        </record>
        
        <record id="purchase_requisition_own_rule" model="ir.rule">
            <field name="name">Employee Purchase Requistion Own</field>
            <field name="model_id" ref="model_purchase_requisition"/>
            <field name="domain_force">[('employee_id.user_id','=',user.id)]</field>
            <field name="groups" eval="[(4, ref('base.group_user'))]"/>
        </record>
        
        <record id="purchase_requisition_line_employee_rule" model="ir.rule">
            <field name="name">Employee Purchase Requistion Lines</field>
            <field name="model_id" ref="model_purchase_requisition_line"/>
            <field name="domain_force">[('requisition_id.employee_id.user_id','=',user.id)]</field>
            <field name="groups" eval="[(4, ref('base.group_user'))]"/>
        </record>
        
        <record id="purchase_requisition_all_rule" model="ir.rule">
            <field name="name">Purcahse Requisitions All</field>
            <field name="model_id" ref="model_purchase_requisition"/>
            <field name="domain_force">[(1,'=',1)]</field>
            <field name="groups" eval="[(4, ref('material_purchase_requisitions.group_purchase_requisition_user')),
                                        (4, ref('purchase.group_purchase_user')),
                                        (4, ref('material_purchase_requisitions.group_purchase_requisition_department'))]"/>
        </record>
        
        <record id="purchase_requisition_line_all_rule" model="ir.rule">
            <field name="name">Purcahse Requisitions Line All</field>
            <field name="model_id" ref="model_purchase_requisition_line"/>
            <field name="domain_force">[(1,'=',1)]</field>
            <field name="groups" eval="[(4, ref('material_purchase_requisitions.group_purchase_requisition_user')),
                                        (4, ref('purchase.group_purchase_user')),
                                        (4, ref('material_purchase_requisitions.group_purchase_requisition_department'))]"/>
        </record>
        
        

    </data>
</odoo>
